"personId","displayName","cardCount","cardIds","decades","teams","positions","ageVariantsNeeded","referenceTarget","referenceFolder","referenceStatus","identityMasterStatus","cardPortraitStatus","qaStatus","notes"
"ace-bailey","Ace Bailey","1","acebailey-20s","2020s","Jazz","SF|PF","1","6-8 identity references","portrait-sources/ace-bailey","NOT_STARTED","NOT_STARTED","NOT_STARTED","NOT_REVIEWED",""
"adrian-dantley","Adrian Dantley","1","dantley-80s","1980s","Jazz","SF|SG","1","6-8 identity references","portrait-sources/adrian-dantley","NOT_STARTED","NOT_STARTED","NOT_STARTED","NOT_REVIEWED",""
"al-horford","Al Horford","1","al-10s","2010s","Hawks|Celtics","PF|C","1","6-8 identity references","portrait-sources/al-horford","NOT_STARTED","NOT_STARTED","NOT_STARTED","NOT_REVIEWED",""
"alex-english","Alex English","1","alex-80s","1980s","Nuggets","SF|SG","1","6-8 identity references","portrait-sources/alex-english","NOT_STARTED","NOT_STARTED","NOT_STARTED","NOT_REVIEWED",""
"allen-iverson","Allen Iverson","1","ai-00s","2000s","76ers","PG|SG","1","6-8 identity references","portrait-sources/allen-iverson","NOT_STARTED","NOT_STARTED","NOT_STARTED","NOT_REVIEWED",""
"alonzo-mourning","Alonzo Mourning","1","alonzo-90s","1990s","Heat","C","1","6-8 identity references","portrait-sources/alonzo-mourning","NOT_STARTED","NOT_STARTED","NOT_STARTED","NOT_REVIEWED",""
"alperen-sengun","Alperen Sengun","1","sengun-20s","2020s","Rockets","C|PF","1","6-8 identity references","portrait-sources/alperen-sengun","NOT_STARTED","NOT_STARTED","NOT_STARTED","NOT_REVIEWED",""
"amar-e-stoudemire","Amar'e Stoudemire","1","amare-00s","2000s","Suns","PF|C","1","6-8 identity references","portrait-sources/amar-e-stoudemire","NOT_STARTED","NOT_STARTED","NOT_STARTED","NOT_REVIEWED",""
"andre-drummond","Andre Drummond","1","drummond-2010s","2010s","Pistons","C","1","6-8 identity references","portrait-sources/andre-drummond","NOT_STARTED","NOT_STARTED","NOT_STARTED","NOT_REVIEWED",""
"andre-miller","Andre Miller","1","miller-00s","2000s","Cavaliers|76ers","PG","1","6-8 identity references","portrait-sources/andre-miller","NOT_STARTED","NOT_STARTED","NOT_STARTED","NOT_REVIEWED",""
"andrei-kirilenko","Andrei Kirilenko","1","ak47-2ks","2000s","Jazz","SF|PF","1","6-8 identity references","portrait-sources/andrei-kirilenko","NOT_STARTED","NOT_STARTED","NOT_STARTED","NOT_REVIEWED",""
"andrew-toney","Andrew Toney","1","toney-80s","1980s","76ers","SG|PG","1","6-8 identity references","portrait-sources/andrew-toney","NOT_STARTED","NOT_STARTED","NOT_STARTED","NOT_REVIEWED",""
"antawn-jamison","Antawn Jamison","2","antawn-90s|jamison-00s","1990s|2000s","Warriors|Mavericks|Wizards","SF|PF","2","8-12 total plus decade-specific images","portrait-sources/antawn-jamison","NOT_STARTED","NOT_STARTED","NOT_STARTED","NOT_REVIEWED",""
"anthony-davis","Anthony Davis","2","ad-10s|ad-20s","2010s|2020s","Pelicans|Lakers","PF|C","2","8-12 total plus decade-specific images","portrait-sources/anthony-davis","NOT_STARTED","NOT_STARTED","NOT_STARTED","NOT_REVIEWED",""
"anthony-edwards","Anthony Edwards","1","ant-20s","2020s","Timberwolves","SG|SF","1","6-8 identity references","portrait-sources/anthony-edwards","NOT_STARTED","NOT_STARTED","NOT_STARTED","NOT_REVIEWED",""
"archie-clark","Archie Clark","1","archie-60s","1960s","Lakers|76ers","PG|SG","1","6-8 identity references","portrait-sources/archie-clark","NOT_STARTED","NOT_STARTED","NOT_STARTED","NOT_REVIEWED",""
"artis-gilmore","Artis Gilmore","1","artis-70s","1970s","Bulls","C","1","6-8 identity references","portrait-sources/artis-gilmore","NOT_STARTED","NOT_STARTED","NOT_STARTED","NOT_REVIEWED",""
"austin-reaves","Austin Reaves","1","reaves-20s","2020s","Lakers","SG|PG","1","6-8 identity references","portrait-sources/austin-reaves","NOT_STARTED","NOT_STARTED","NOT_STARTED","NOT_REVIEWED",""
"avery-johnson","Avery Johnson","1","avery-90s","1990s","Spurs","PG","1","6-8 identity references","portrait-sources/avery-johnson","NOT_STARTED","NOT_STARTED","NOT_STARTED","NOT_REVIEWED",""
"bailey-howell","Bailey Howell","1","bailey-60s","1960s","Pistons|Celtics","SF|PF","1","6-8 identity references","portrait-sources/bailey-howell","NOT_STARTED","NOT_STARTED","NOT_STARTED","NOT_REVIEWED",""
"bam-adebayo","Bam Adebayo","1","bam-20s","2020s","Heat","C|PF","1","6-8 identity references","portrait-sources/bam-adebayo","NOT_STARTED","NOT_STARTED","NOT_STARTED","NOT_REVIEWED",""
"baron-davis","Baron Davis","1","baron-00s","2000s","Hornets|Warriors","PG|SG","1","6-8 identity references","portrait-sources/baron-davis","NOT_STARTED","NOT_STARTED","NOT_STARTED","NOT_REVIEWED",""
"ben-wallace","Ben Wallace","1","ben-00s","2000s","Pistons","C|PF","1","6-8 identity references","portrait-sources/ben-wallace","NOT_STARTED","NOT_STARTED","NOT_STARTED","NOT_REVIEWED",""
"benoit-benjamin","Benoit Benjamin","1","benoit-80s","1980s","Clippers","C","1","6-8 identity references","portrait-sources/benoit-benjamin","NOT_STARTED","NOT_STARTED","NOT_STARTED","NOT_REVIEWED",""
"bernard-king","Bernard King","1","king-80s","1980s","Knicks","SF|PF","1","6-8 identity references","portrait-sources/bernard-king","NOT_STARTED","NOT_STARTED","NOT_STARTED","NOT_REVIEWED",""
"bill-russell","Bill Russell","2","russell-50s|bill-60s","1950s|1960s","Celtics","C","2","8-12 total plus decade-specific images","portrait-sources/bill-russell","NOT_STARTED","NOT_STARTED","NOT_STARTED","NOT_REVIEWED",""
"bill-sharman","Bill Sharman","2","sharman-50s|sharman-60s","1950s|1960s","Celtics","SG|PG","2","8-12 total plus decade-specific images","portrait-sources/bill-sharman","NOT_STARTED","NOT_STARTED","NOT_STARTED","NOT_REVIEWED",""
"bill-walton","Bill Walton","1","walton-80s","1980s","Celtics","C","1","6-8 identity references","portrait-sources/bill-walton","NOT_STARTED","NOT_STARTED","NOT_STARTED","NOT_REVIEWED",""
"billy-cunningham","Billy Cunningham","1","billy-60s","1960s","76ers","PF|SF","1","6-8 identity references","portrait-sources/billy-cunningham","NOT_STARTED","NOT_STARTED","NOT_STARTED","NOT_REVIEWED",""
"billy-knight","Billy Knight","1","billy-k-70s","1970s","Pacers","SF|SG","1","6-8 identity references","portrait-sources/billy-knight","NOT_STARTED","NOT_STARTED","NOT_STARTED","NOT_REVIEWED",""
"billy-paultz","Billy Paultz","1","billy-p-70s","1970s","Spurs","C","1","6-8 identity references","portrait-sources/billy-paultz","NOT_STARTED","NOT_STARTED","NOT_STARTED","NOT_REVIEWED",""
"blake-griffin","Blake Griffin","1","blake-10s","2010s","Clippers","PF|C|SF","1","6-8 identity references","portrait-sources/blake-griffin","NOT_STARTED","NOT_STARTED","NOT_STARTED","NOT_REVIEWED",""
"bob-boozer","Bob Boozer","1","boozer-60s","1960s","Royals","PF|C","1","6-8 identity references","portrait-sources/bob-boozer","NOT_STARTED","NOT_STARTED","NOT_STARTED","NOT_REVIEWED",""
"bob-cousy","Bob Cousy","2","cousy-50s|cousy-60s","1950s|1960s","Celtics","PG","2","8-12 total plus decade-specific images","portrait-sources/bob-cousy","NOT_STARTED","NOT_STARTED","NOT_STARTED","NOT_REVIEWED",""
"bob-lanier","Bob Lanier","1","bob-l-70s","1970s","Pistons","C|PF","1","6-8 identity references","portrait-sources/bob-lanier","NOT_STARTED","NOT_STARTED","NOT_STARTED","NOT_REVIEWED",""
"bob-mcadoo","Bob McAdoo","1","bob-mc-70s","1970s","Braves","C|PF","1","6-8 identity references","portrait-sources/bob-mcadoo","NOT_STARTED","NOT_STARTED","NOT_STARTED","NOT_REVIEWED",""
"bob-pettit","Bob Pettit","2","pettit-50s|bob-60s","1950s|1960s","Hawks","PF|C","2","8-12 total plus decade-specific images","portrait-sources/bob-pettit","NOT_STARTED","NOT_STARTED","NOT_STARTED","NOT_REVIEWED",""
"bobby-dandridge","Bobby Dandridge","1","bobby-70s","1970s","Bucks|Bullets","SF|SG|PF","1","6-8 identity references","portrait-sources/bobby-dandridge","NOT_STARTED","NOT_STARTED","NOT_STARTED","NOT_REVIEWED",""
"brad-daugherty","Brad Daugherty","1","brad-80s","1980s","Cavaliers","C","1","6-8 identity references","portrait-sources/brad-daugherty","NOT_STARTED","NOT_STARTED","NOT_STARTED","NOT_REVIEWED",""
"bradley-beal","Bradley Beal","2","beal-10s|beal-20s","2010s|2020s","Wizards|Suns","SG|SF|PG","2","8-12 total plus decade-specific images","portrait-sources/bradley-beal","NOT_STARTED","NOT_STARTED","NOT_STARTED","NOT_REVIEWED",""
"brandon-ingram","Brandon Ingram","1","ingram-20s","2020s","Pelicans|Raptors","SF|PF","1","6-8 identity references","portrait-sources/brandon-ingram","NOT_STARTED","NOT_STARTED","NOT_STARTED","NOT_REVIEWED",""
"bruce-bowen","Bruce Bowen","1","bowen-2ks","2000s","Spurs","SF|SG","1","6-8 identity references","portrait-sources/bruce-bowen","NOT_STARTED","NOT_STARTED","NOT_STARTED","NOT_REVIEWED",""
"buck-williams","Buck Williams","1","buck-80s","1980s","Nets","PF|C","1","6-8 identity references","portrait-sources/buck-williams","NOT_STARTED","NOT_STARTED","NOT_STARTED","NOT_REVIEWED",""
"byron-scott","Byron Scott","1","byron-80s","1980s","Lakers","SG|SF","1","6-8 identity references","portrait-sources/byron-scott","NOT_STARTED","NOT_STARTED","NOT_STARTED","NOT_REVIEWED",""
"cade-cunningham","Cade Cunningham","1","cade-20s","2020s","Pistons","PG|SG","1","6-8 identity references","portrait-sources/cade-cunningham","NOT_STARTED","NOT_STARTED","NOT_STARTED","NOT_REVIEWED",""
"calbert-cheaney","Calbert Cheaney","1","calbert-90s","1990s","Bullets","SF|SG","1","6-8 identity references","portrait-sources/calbert-cheaney","NOT_STARTED","NOT_STARTED","NOT_STARTED","NOT_REVIEWED",""
"calvin-murphy","Calvin Murphy","1","murphy-70s","1970s","Rockets","PG","1","6-8 identity references","portrait-sources/calvin-murphy","NOT_STARTED","NOT_STARTED","NOT_STARTED","NOT_REVIEWED",""
"carmelo-anthony","Carmelo Anthony","2","carmelo-00s|melo-10s","2000s|2010s","Nuggets|Knicks|Thunder","SF|PF","2","8-12 total plus decade-specific images","portrait-sources/carmelo-anthony","NOT_STARTED","NOT_STARTED","NOT_STARTED","NOT_REVIEWED",""
"cedric-ceballos","Cedric Ceballos","1","ced-90s","1990s","Suns|Lakers","SF|PF","1","6-8 identity references","portrait-sources/cedric-ceballos","NOT_STARTED","NOT_STARTED","NOT_STARTED","NOT_REVIEWED",""
"cedric-coward","Cedric Coward","1","coward-20s","2020s","Grizzlies","SF|SG","1","6-8 identity references","portrait-sources/cedric-coward","NOT_STARTED","NOT_STARTED","NOT_STARTED","NOT_REVIEWED",""
"charles-barkley","Charles Barkley","2","charles-80s|barkley-90s","1980s|1990s","76ers|Suns","PF|C","2","8-12 total plus decade-specific images","portrait-sources/charles-barkley","NOT_STARTED","NOT_STARTED","NOT_STARTED","NOT_REVIEWED",""
"charles-oakley","Charles Oakley","1","oakley-90s","1990s","Knicks","PF|C","1","6-8 identity references","portrait-sources/charles-oakley","NOT_STARTED","NOT_STARTED","NOT_STARTED","NOT_REVIEWED",""
"charlie-scott","Charlie Scott","1","charlie-70s","1970s","Suns|Celtics","SG|PG","1","6-8 identity references","portrait-sources/charlie-scott","NOT_STARTED","NOT_STARTED","NOT_STARTED","NOT_REVIEWED",""
"chauncey-billups","Chauncey Billups","1","billups-00s","2000s","Pistons","PG|SG","1","6-8 identity references","portrait-sources/chauncey-billups","NOT_STARTED","NOT_STARTED","NOT_STARTED","NOT_REVIEWED",""
"chet-holmgren","Chet Holmgren","1","chet-20s","2020s","Thunder","C|PF","1","6-8 identity references","portrait-sources/chet-holmgren","NOT_STARTED","NOT_STARTED","NOT_STARTED","NOT_REVIEWED",""
"chet-walker","Chet Walker","2","chet-60s|chet-70s","1960s|1970s","76ers|Bulls","SF|SG","2","8-12 total plus decade-specific images","portrait-sources/chet-walker","NOT_STARTED","NOT_STARTED","NOT_STARTED","NOT_REVIEWED",""
"chris-bosh","Chris Bosh","2","bosh-00s|bosh-10s","2000s|2010s","Raptors|Heat","PF|C","2","8-12 total plus decade-specific images","portrait-sources/chris-bosh","NOT_STARTED","NOT_STARTED","NOT_STARTED","NOT_REVIEWED",""
"chris-mullin","Chris Mullin","1","mullin-90s","1990s","Warriors|Pacers","SF|SG","1","6-8 identity references","portrait-sources/chris-mullin","NOT_STARTED","NOT_STARTED","NOT_STARTED","NOT_REVIEWED",""
"chris-paul","Chris Paul","2","cp3-00s|cp3-10s","2000s|2010s","Hornets|Clippers","PG","2","8-12 total plus decade-specific images","portrait-sources/chris-paul","NOT_STARTED","NOT_STARTED","NOT_STARTED","NOT_REVIEWED",""
"chris-webber","Chris Webber","1","webb-90s","1990s","Kings","PF|C","1","6-8 identity references","portrait-sources/chris-webber","NOT_STARTED","NOT_STARTED","NOT_STARTED","NOT_REVIEWED",""
"clem-haskins","Clem Haskins","1","clem-60s","1960s","Bulls","SG|PG","1","6-8 identity references","portrait-sources/clem-haskins","NOT_STARTED","NOT_STARTED","NOT_STARTED","NOT_REVIEWED",""
"clint-richardson","Clint Richardson","1","clint-70s","1970s","76ers","SG|PG","1","6-8 identity references","portrait-sources/clint-richardson","NOT_STARTED","NOT_STARTED","NOT_STARTED","NOT_REVIEWED",""
"clyde-drexler","Clyde Drexler","2","clyde-80s|clyde-90s","1980s|1990s","Blazers","SG|SF","2","8-12 total plus decade-specific images","portrait-sources/clyde-drexler","NOT_STARTED","NOT_STARTED","NOT_STARTED","NOT_REVIEWED",""
"collin-murray-boyles","Collin Murray-Boyles","1","cmb-20s","2020s","Raptors","PF|C","1","6-8 identity references","portrait-sources/collin-murray-boyles","NOT_STARTED","NOT_STARTED","NOT_STARTED","NOT_REVIEWED",""
"connie-hawkins","Connie Hawkins","1","connie-70s","1970s","Suns","SF|PF","1","6-8 identity references","portrait-sources/connie-hawkins","NOT_STARTED","NOT_STARTED","NOT_STARTED","NOT_REVIEWED",""
"cooper-flagg","Cooper Flagg","1","flagg-20s","2020s","Mavericks","SF|PF","1","6-8 identity references","portrait-sources/cooper-flagg","NOT_STARTED","NOT_STARTED","NOT_STARTED","NOT_REVIEWED",""
"curtis-perry","Curtis Perry","1","curtis-perry-70s","1970s","Bucks","PF|C","1","6-8 identity references","portrait-sources/curtis-perry","NOT_STARTED","NOT_STARTED","NOT_STARTED","NOT_REVIEWED",""
"dale-ellis","Dale Ellis","1","dale-80s","1980s","Sonics","SG|SF","1","6-8 identity references","portrait-sources/dale-ellis","NOT_STARTED","NOT_STARTED","NOT_STARTED","NOT_REVIEWED",""
"damian-lillard","Damian Lillard","2","dame-10s|dame-20s","2010s|2020s","Blazers|Bucks","PG","2","8-12 total plus decade-specific images","portrait-sources/damian-lillard","NOT_STARTED","NOT_STARTED","NOT_STARTED","NOT_REVIEWED",""
"dan-issel","Dan Issel","1","dan-70s","1970s","Nuggets","PF|C","1","6-8 identity references","portrait-sources/dan-issel","NOT_STARTED","NOT_STARTED","NOT_STARTED","NOT_REVIEWED",""
"dan-majerle","Dan Majerle","1","majerle-90s","1990s","Suns","SG|SF","1","6-8 identity references","portrait-sources/dan-majerle","NOT_STARTED","NOT_STARTED","NOT_STARTED","NOT_REVIEWED",""
"danny-ainge","Danny Ainge","1","danny-80s","1980s","Celtics","SG|PG","1","6-8 identity references","portrait-sources/danny-ainge","NOT_STARTED","NOT_STARTED","NOT_STARTED","NOT_REVIEWED",""
"darius-garland","Darius Garland","1","garland-20s","2020s","Cavaliers","PG","1","6-8 identity references","portrait-sources/darius-garland","NOT_STARTED","NOT_STARTED","NOT_STARTED","NOT_REVIEWED",""
"dave-bing","Dave Bing","1","dave-60s","1960s","Pistons","PG|SG","1","6-8 identity references","portrait-sources/dave-bing","NOT_STARTED","NOT_STARTED","NOT_STARTED","NOT_REVIEWED",""
"dave-cowens","Dave Cowens","1","dave-c-70s","1970s","Celtics","C|PF","1","6-8 identity references","portrait-sources/dave-cowens","NOT_STARTED","NOT_STARTED","NOT_STARTED","NOT_REVIEWED",""
"dave-debusschere","Dave DeBusschere","1","dave-d-60s","1960s","Pistons|Knicks","PF|SF","1","6-8 identity references","portrait-sources/dave-debusschere","NOT_STARTED","NOT_STARTED","NOT_STARTED","NOT_REVIEWED",""
"david-robinson","David Robinson","1","rob-90s","1990s","Spurs","C|PF","1","6-8 identity references","portrait-sources/david-robinson","NOT_STARTED","NOT_STARTED","NOT_STARTED","NOT_REVIEWED",""
"david-thompson","David Thompson","1","david-t-70s","1970s","Nuggets","SG|SF","1","6-8 identity references","portrait-sources/david-thompson","NOT_STARTED","NOT_STARTED","NOT_STARTED","NOT_REVIEWED",""
"de-aaron-fox","De'Aaron Fox","1","fox-20s","2020s","Kings|Spurs","PG|SG","1","6-8 identity references","portrait-sources/de-aaron-fox","NOT_STARTED","NOT_STARTED","NOT_STARTED","NOT_REVIEWED",""
"deandre-jordan","DeAndre Jordan","1","dj-10s","2010s","Clippers","C","1","6-8 identity references","portrait-sources/deandre-jordan","NOT_STARTED","NOT_STARTED","NOT_STARTED","NOT_REVIEWED",""
"dejounte-murray","Dejounte Murray","1","dejounte-20s","2020s","Spurs|Hawks|Pelicans","PG|SG","1","6-8 identity references","portrait-sources/dejounte-murray","NOT_STARTED","NOT_STARTED","NOT_STARTED","NOT_REVIEWED",""
"demar-derozan","DeMar DeRozan","2","demar-2010s|demar-20s","2010s|2020s","Raptors|Bulls|Kings","SG|SF","2","8-12 total plus decade-specific images","portrait-sources/demar-derozan","NOT_STARTED","NOT_STARTED","NOT_STARTED","NOT_REVIEWED",""
"demarcus-cousins","DeMarcus Cousins","1","boogie-2010s","2010s","Kings","C|PF","1","6-8 identity references","portrait-sources/demarcus-cousins","NOT_STARTED","NOT_STARTED","NOT_STARTED","NOT_REVIEWED",""
"dennis-johnson","Dennis Johnson","1","dj-80s","1980s","Suns|Celtics","PG|SG","1","6-8 identity references","portrait-sources/dennis-johnson","NOT_STARTED","NOT_STARTED","NOT_STARTED","NOT_REVIEWED",""
"dennis-rodman","Dennis Rodman","1","rodman-90s","1990s","Pistons|Bulls","PF|SF|C","1","6-8 identity references","portrait-sources/dennis-rodman","NOT_STARTED","NOT_STARTED","NOT_STARTED","NOT_REVIEWED",""
"derik-queen","Derik Queen","1","queen-20s","2020s","Pelicans","C|PF","1","6-8 identity references","portrait-sources/derik-queen","NOT_STARTED","NOT_STARTED","NOT_STARTED","NOT_REVIEWED",""
"deron-williams","Deron Williams","1","deron-2ks","2000s","Jazz","PG","1","6-8 identity references","portrait-sources/deron-williams","NOT_STARTED","NOT_STARTED","NOT_STARTED","NOT_REVIEWED",""
"derrick-rose","Derrick Rose","1","drose-10s","2010s","Bulls","PG","1","6-8 identity references","portrait-sources/derrick-rose","NOT_STARTED","NOT_STARTED","NOT_STARTED","NOT_REVIEWED",""
"desmond-bane","Desmond Bane","1","bane-20s","2020s","Grizzlies|Magic","SG|SF","1","6-8 identity references","portrait-sources/desmond-bane","NOT_STARTED","NOT_STARTED","NOT_STARTED","NOT_REVIEWED",""
"detlef-schrempf","Detlef Schrempf","1","detlef-90s","1990s","Pacers","SF|PF","1","6-8 identity references","portrait-sources/detlef-schrempf","NOT_STARTED","NOT_STARTED","NOT_STARTED","NOT_REVIEWED",""
"devin-booker","Devin Booker","2","booker-10s|booker-20s","2010s|2020s","Suns","SG|SF","2","8-12 total plus decade-specific images","portrait-sources/devin-booker","NOT_STARTED","NOT_STARTED","NOT_STARTED","NOT_REVIEWED",""
"dick-van-arsdale","Dick Van Arsdale","1","dick-v-60s","1960s","Knicks|Suns","SG|SF","1","6-8 identity references","portrait-sources/dick-van-arsdale","NOT_STARTED","NOT_STARTED","NOT_STARTED","NOT_REVIEWED",""
"dikembe-mutombo","Dikembe Mutombo","1","dik-90s","1990s","Nuggets|Hawks","C","1","6-8 identity references","portrait-sources/dikembe-mutombo","NOT_STARTED","NOT_STARTED","NOT_STARTED","NOT_REVIEWED",""
"dirk-nowitzki","Dirk Nowitzki","2","dirk-00s|dirk-10s","2000s|2010s","Mavericks","PF|C","2","8-12 total plus decade-specific images","portrait-sources/dirk-nowitzki","NOT_STARTED","NOT_STARTED","NOT_STARTED","NOT_REVIEWED",""
"doc-rivers","Doc Rivers","1","doc-80s","1980s","Hawks","PG|SG","1","6-8 identity references","portrait-sources/doc-rivers","NOT_STARTED","NOT_STARTED","NOT_STARTED","NOT_REVIEWED",""
"dolph-schayes","Dolph Schayes","1","schayes-50s","1950s","Nationals","PF|C","1","6-8 identity references","portrait-sources/dolph-schayes","NOT_STARTED","NOT_STARTED","NOT_STARTED","NOT_REVIEWED",""
"domantas-sabonis","Domantas Sabonis","1","sabonis-20s","2020s","Kings","C|PF","1","6-8 identity references","portrait-sources/domantas-sabonis","NOT_STARTED","NOT_STARTED","NOT_STARTED","NOT_REVIEWED",""
"dominique-wilkins","Dominique Wilkins","2","dom-80s|dom-90s","1980s|1990s","Hawks","SF|SG","2","8-12 total plus decade-specific images","portrait-sources/dominique-wilkins","NOT_STARTED","NOT_STARTED","NOT_STARTED","NOT_REVIEWED",""
"don-buse","Don Buse","1","don-b-70s","1970s","Pacers","PG|SG","1","6-8 identity references","portrait-sources/don-buse","NOT_STARTED","NOT_STARTED","NOT_STARTED","NOT_REVIEWED",""
"don-nelson","Don Nelson","1","don-n-60s","1960s","Celtics","SF|PF","1","6-8 identity references","portrait-sources/don-nelson","NOT_STARTED","NOT_STARTED","NOT_STARTED","NOT_REVIEWED",""
"donovan-mitchell","Donovan Mitchell","2","dmitch-10s|dmitch-20s","2010s|2020s","Jazz|Cavaliers","PG|SG","2","8-12 total plus decade-specific images","portrait-sources/donovan-mitchell","NOT_STARTED","NOT_STARTED","NOT_STARTED","NOT_REVIEWED",""
"draymond-green","Draymond Green","2","draymond-10s|draymond-20s","2010s|2020s","Warriors","PF|SF|C","2","8-12 total plus decade-specific images","portrait-sources/draymond-green","NOT_STARTED","NOT_STARTED","NOT_STARTED","NOT_REVIEWED",""
"drazen-petrovic","Drazen Petrovic","1","petrovic-90s","1990s","Nets","SG","1","6-8 identity references","portrait-sources/drazen-petrovic","NOT_STARTED","NOT_STARTED","NOT_STARTED","NOT_REVIEWED",""
"dwight-howard","Dwight Howard","2","dwight-00s|dwight-10s","2000s|2010s","Magic|Lakers","C","2","8-12 total plus decade-specific images","portrait-sources/dwight-howard","NOT_STARTED","NOT_STARTED","NOT_STARTED","NOT_REVIEWED",""
"dwyane-wade","Dwyane Wade","2","wade-00s|wade-10s","2000s|2010s","Heat","SG|SF","2","8-12 total plus decade-specific images","portrait-sources/dwyane-wade","NOT_STARTED","NOT_STARTED","NOT_STARTED","NOT_REVIEWED",""
"dylan-harper","Dylan Harper","1","harper-20s","2020s","Spurs","PG|SG","1","6-8 identity references","portrait-sources/dylan-harper","NOT_STARTED","NOT_STARTED","NOT_STARTED","NOT_REVIEWED",""
"earl-monroe","Earl Monroe","1","monroe-70s","1970s","Knicks","SG|PG","1","6-8 identity references","portrait-sources/earl-monroe","NOT_STARTED","NOT_STARTED","NOT_STARTED","NOT_REVIEWED",""
"elgin-baylor","Elgin Baylor","1","elgin-60s","1960s","Lakers","SF|PF","1","6-8 identity references","portrait-sources/elgin-baylor","NOT_STARTED","NOT_STARTED","NOT_STARTED","NOT_REVIEWED",""
"elton-brand","Elton Brand","1","elton-00s","2000s","Clippers","PF|C","1","6-8 identity references","portrait-sources/elton-brand","NOT_STARTED","NOT_STARTED","NOT_STARTED","NOT_REVIEWED",""
"elvin-hayes","Elvin Hayes","1","elvin-70s","1970s","Bullets","PF|C","1","6-8 identity references","portrait-sources/elvin-hayes","NOT_STARTED","NOT_STARTED","NOT_STARTED","NOT_REVIEWED",""
"emmette-bryant","Emmette Bryant","1","emmette-60s","1960s","Celtics","PG|SG","1","6-8 identity references","portrait-sources/emmette-bryant","NOT_STARTED","NOT_STARTED","NOT_STARTED","NOT_REVIEWED",""
"evan-mobley","Evan Mobley","1","evan-20s","2020s","Cavaliers","PF|C","1","6-8 identity references","portrait-sources/evan-mobley","NOT_STARTED","NOT_STARTED","NOT_STARTED","NOT_REVIEWED",""
"fat-lever","Fat Lever","1","lever-80s","1980s","Nuggets","PG|SG","1","6-8 identity references","portrait-sources/fat-lever","NOT_STARTED","NOT_STARTED","NOT_STARTED","NOT_REVIEWED",""
"franz-wagner","Franz Wagner","1","franz-20s","2020s","Magic","SF|SG|PF","1","6-8 identity references","portrait-sources/franz-wagner","NOT_STARTED","NOT_STARTED","NOT_STARTED","NOT_REVIEWED",""
"fred-hetzel","Fred Hetzel","1","fred-h-60s","1960s","Warriors","PF|C","1","6-8 identity references","portrait-sources/fred-hetzel","NOT_STARTED","NOT_STARTED","NOT_STARTED","NOT_REVIEWED",""
"gail-goodrich","Gail Goodrich","1","gail-70s","1970s","Lakers","SG|PG","1","6-8 identity references","portrait-sources/gail-goodrich","NOT_STARTED","NOT_STARTED","NOT_STARTED","NOT_REVIEWED",""
"gary-payton","Gary Payton","1","gary-90s","1990s","Sonics","PG|SG","1","6-8 identity references","portrait-sources/gary-payton","NOT_STARTED","NOT_STARTED","NOT_STARTED","NOT_REVIEWED",""
"george-gervin","George Gervin","2","george-70s|george-80s","1970s|1980s","Spurs","SG|SF","2","8-12 total plus decade-specific images","portrait-sources/george-gervin","NOT_STARTED","NOT_STARTED","NOT_STARTED","NOT_REVIEWED",""
"george-mikan","George Mikan","1","mikan-50s","1950s","Lakers","C","1","6-8 identity references","portrait-sources/george-mikan","NOT_STARTED","NOT_STARTED","NOT_STARTED","NOT_REVIEWED",""
"gerald-wallace","Gerald Wallace","1","gwallace-00s","2000s","Kings|Bobcats","SF|PF","1","6-8 identity references","portrait-sources/gerald-wallace","NOT_STARTED","NOT_STARTED","NOT_STARTED","NOT_REVIEWED",""
"giannis-antetokounmpo","Giannis Antetokounmpo","2","giannis-10s|giannis-20s","2010s|2020s","Bucks","PF|SF|C","2","8-12 total plus decade-specific images","portrait-sources/giannis-antetokounmpo","NOT_STARTED","NOT_STARTED","NOT_STARTED","NOT_REVIEWED",""
"gilbert-arenas","Gilbert Arenas","1","arenas-00s","2000s","Wizards","PG|SG","1","6-8 identity references","portrait-sources/gilbert-arenas","NOT_STARTED","NOT_STARTED","NOT_STARTED","NOT_REVIEWED",""
"glen-rice","Glen Rice","1","glen-90s","1990s","Heat|Hornets","SF|SG","1","6-8 identity references","portrait-sources/glen-rice","NOT_STARTED","NOT_STARTED","NOT_STARTED","NOT_REVIEWED",""
"glenn-robinson","Glenn Robinson","1","bigdog-90s","1990s","Bucks","SF|PF","1","6-8 identity references","portrait-sources/glenn-robinson","NOT_STARTED","NOT_STARTED","NOT_STARTED","NOT_REVIEWED",""
"grant-hill","Grant Hill","1","grant-90s","1990s","Pistons","SF|SG|PF","1","6-8 identity references","portrait-sources/grant-hill","NOT_STARTED","NOT_STARTED","NOT_STARTED","NOT_REVIEWED",""
"gus-johnson","Gus Johnson","1","gus-60s","1960s","Bullets","PF|SF","1","6-8 identity references","portrait-sources/gus-johnson","NOT_STARTED","NOT_STARTED","NOT_STARTED","NOT_REVIEWED",""
"guy-rodgers","Guy Rodgers","1","rodgers-60s","1960s","Warriors","PG","1","6-8 identity references","portrait-sources/guy-rodgers","NOT_STARTED","NOT_STARTED","NOT_STARTED","NOT_REVIEWED",""
"hakeem-olajuwon","Hakeem Olajuwon","1","hak-90s","1990s","Rockets","C","1","6-8 identity references","portrait-sources/hakeem-olajuwon","NOT_STARTED","NOT_STARTED","NOT_STARTED","NOT_REVIEWED",""
"hal-greer","Hal Greer","1","hal-60s","1960s","76ers","SG|PG","1","6-8 identity references","portrait-sources/hal-greer","NOT_STARTED","NOT_STARTED","NOT_STARTED","NOT_REVIEWED",""
"hassan-whiteside","Hassan Whiteside","1","hassan-10s","2010s","Heat","C","1","6-8 identity references","portrait-sources/hassan-whiteside","NOT_STARTED","NOT_STARTED","NOT_STARTED","NOT_REVIEWED",""
"hersey-hawkins","Hersey Hawkins","1","hersey-90s","1990s","76ers|Sonics","SG|PG","1","6-8 identity references","portrait-sources/hersey-hawkins","NOT_STARTED","NOT_STARTED","NOT_STARTED","NOT_REVIEWED",""
"horace-grant","Horace Grant","1","horace-90s","1990s","Bulls|Magic","PF|SF","1","6-8 identity references","portrait-sources/horace-grant","NOT_STARTED","NOT_STARTED","NOT_STARTED","NOT_REVIEWED",""
"isiah-thomas","Isiah Thomas","2","isiah-80s|isiah-90s","1980s|1990s","Pistons","PG","2","8-12 total plus decade-specific images","portrait-sources/isiah-thomas","NOT_STARTED","NOT_STARTED","NOT_STARTED","NOT_REVIEWED",""
"ja-morant","Ja Morant","1","ja-20s","2020s","Grizzlies","PG|SG","1","6-8 identity references","portrait-sources/ja-morant","NOT_STARTED","NOT_STARTED","NOT_STARTED","NOT_REVIEWED",""
"jack-sikma","Jack Sikma","1","jack-80s","1980s","Sonics","C|PF","1","6-8 identity references","portrait-sources/jack-sikma","NOT_STARTED","NOT_STARTED","NOT_STARTED","NOT_REVIEWED",""
"jalen-brunson","Jalen Brunson","1","brunson-20s","2020s","Knicks","PG|SG","1","6-8 identity references","portrait-sources/jalen-brunson","NOT_STARTED","NOT_STARTED","NOT_STARTED","NOT_REVIEWED",""
"jalen-williams","Jalen Williams","1","jdub-20s","2020s","Thunder","SF|SG","1","6-8 identity references","portrait-sources/jalen-williams","NOT_STARTED","NOT_STARTED","NOT_STARTED","NOT_REVIEWED",""
"jamal-murray","Jamal Murray","1","murray-20s","2020s","Nuggets","PG|SG","1","6-8 identity references","portrait-sources/jamal-murray","NOT_STARTED","NOT_STARTED","NOT_STARTED","NOT_REVIEWED",""
"james-donaldson","James Donaldson","1","james-d-80s","1980s","Mavericks","C","1","6-8 identity references","portrait-sources/james-donaldson","NOT_STARTED","NOT_STARTED","NOT_STARTED","NOT_REVIEWED",""
"james-harden","James Harden","1","harden-10s","2010s","Rockets","SG|PG","1","6-8 identity references","portrait-sources/james-harden","NOT_STARTED","NOT_STARTED","NOT_STARTED","NOT_REVIEWED",""
"james-silas","James Silas","1","james-70s","1970s","Spurs","PG|SG","1","6-8 identity references","portrait-sources/james-silas","NOT_STARTED","NOT_STARTED","NOT_STARTED","NOT_REVIEWED",""
"james-worthy","James Worthy","1","worthy-80s","1980s","Lakers","SF|PF","1","6-8 identity references","portrait-sources/james-worthy","NOT_STARTED","NOT_STARTED","NOT_STARTED","NOT_REVIEWED",""
"jaren-jackson-jr","Jaren Jackson Jr.","1","jjj-20s","2020s","Grizzlies","PF|C","1","6-8 identity references","portrait-sources/jaren-jackson-jr","NOT_STARTED","NOT_STARTED","NOT_STARTED","NOT_REVIEWED",""
"jarrett-allen","Jarrett Allen","1","jallen-20s","2020s","Cavaliers","C","1","6-8 identity references","portrait-sources/jarrett-allen","NOT_STARTED","NOT_STARTED","NOT_STARTED","NOT_REVIEWED",""
"jason-kidd","Jason Kidd","2","kidd-90s|kidd-00s","1990s|2000s","Suns|Nets","PG","2","8-12 total plus decade-specific images","portrait-sources/jason-kidd","NOT_STARTED","NOT_STARTED","NOT_STARTED","NOT_REVIEWED",""
"jaylen-brown","Jaylen Brown","1","jbrown-20s","2020s","Celtics","SG|SF","1","6-8 identity references","portrait-sources/jaylen-brown","NOT_STARTED","NOT_STARTED","NOT_STARTED","NOT_REVIEWED",""
"jayson-tatum","Jayson Tatum","1","tatum-20s","2020s","Celtics","SF|SG|PF","1","6-8 identity references","portrait-sources/jayson-tatum","NOT_STARTED","NOT_STARTED","NOT_STARTED","NOT_REVIEWED",""
"jeff-hornacek","Jeff Hornacek","1","hornacek-90s","1990s","Jazz","SG|PG","1","6-8 identity references","portrait-sources/jeff-hornacek","NOT_STARTED","NOT_STARTED","NOT_STARTED","NOT_REVIEWED",""
"jeremiah-fears","Jeremiah Fears","1","fears-20s","2020s","Pelicans","PG|SG","1","6-8 identity references","portrait-sources/jeremiah-fears","NOT_STARTED","NOT_STARTED","NOT_STARTED","NOT_REVIEWED",""
"jermaine-o-neal","Jermaine O'Neal","1","jermaine-2ks","2000s","Pacers","PF|C","1","6-8 identity references","portrait-sources/jermaine-o-neal","NOT_STARTED","NOT_STARTED","NOT_STARTED","NOT_REVIEWED",""
"jerry-lucas","Jerry Lucas","1","jerry-l-60s","1960s","Royals","PF|C|SF","1","6-8 identity references","portrait-sources/jerry-lucas","NOT_STARTED","NOT_STARTED","NOT_STARTED","NOT_REVIEWED",""
"jerry-west","Jerry West","1","jerry-60s","1960s","Lakers","PG|SG","1","6-8 identity references","portrait-sources/jerry-west","NOT_STARTED","NOT_STARTED","NOT_STARTED","NOT_REVIEWED",""
"jimmy-butler","Jimmy Butler","2","butler-10s|butler-20s","2010s|2020s","Bulls|Wolves|Heat|Warriors","SF|SG|PF","2","8-12 total plus decade-specific images","portrait-sources/jimmy-butler","NOT_STARTED","NOT_STARTED","NOT_STARTED","NOT_REVIEWED",""
"jo-jo-white","Jo Jo White","1","jojo-70s","1970s","Celtics","PG|SG","1","6-8 identity references","portrait-sources/jo-jo-white","NOT_STARTED","NOT_STARTED","NOT_STARTED","NOT_REVIEWED",""
"joe-dumars","Joe Dumars","1","dumars-90s","1990s","Pistons","SG|PG","1","6-8 identity references","portrait-sources/joe-dumars","NOT_STARTED","NOT_STARTED","NOT_STARTED","NOT_REVIEWED",""
"joe-johnson","Joe Johnson","1","joe-j-00s","2000s","Hawks","SG|SF","1","6-8 identity references","portrait-sources/joe-johnson","NOT_STARTED","NOT_STARTED","NOT_STARTED","NOT_REVIEWED",""
"joel-embiid","Joel Embiid","2","embiid-10s|embiid-20s","2010s|2020s","76ers","C|PF","2","8-12 total plus decade-specific images","portrait-sources/joel-embiid","NOT_STARTED","NOT_STARTED","NOT_STARTED","NOT_REVIEWED",""
"john-drew","John Drew","1","john-d-70s","1970s","Hawks","SF|SG","1","6-8 identity references","portrait-sources/john-drew","NOT_STARTED","NOT_STARTED","NOT_STARTED","NOT_REVIEWED",""
"john-havlicek","John Havlicek","2","john-h-60s|john-h-70s","1960s|1970s","Celtics","SF|SG","2","8-12 total plus decade-specific images","portrait-sources/john-havlicek","NOT_STARTED","NOT_STARTED","NOT_STARTED","NOT_REVIEWED",""
"john-stockton","John Stockton","1","stock-90s","1990s","Jazz","PG","1","6-8 identity references","portrait-sources/john-stockton","NOT_STARTED","NOT_STARTED","NOT_STARTED","NOT_REVIEWED",""
"john-wall","John Wall","1","wall-2010s","2010s","Wizards","PG","1","6-8 identity references","portrait-sources/john-wall","NOT_STARTED","NOT_STARTED","NOT_STARTED","NOT_REVIEWED",""
"johnny-moore","Johnny Moore","1","johnny-80s","1980s","Spurs","PG","1","6-8 identity references","portrait-sources/johnny-moore","NOT_STARTED","NOT_STARTED","NOT_STARTED","NOT_REVIEWED",""
"jon-mcglocklin","Jon McGlocklin","1","jon-m-60s","1960s","Bucks","SG","1","6-8 identity references","portrait-sources/jon-mcglocklin","NOT_STARTED","NOT_STARTED","NOT_STARTED","NOT_REVIEWED",""
"josh-smith","Josh Smith","1","joshsmith-00s","2000s","Hawks","PF|SF","1","6-8 identity references","portrait-sources/josh-smith","NOT_STARTED","NOT_STARTED","NOT_STARTED","NOT_REVIEWED",""
"jrue-holiday","Jrue Holiday","1","jrue-20s","2020s","Bucks|Celtics","PG|SG","1","6-8 identity references","portrait-sources/jrue-holiday","NOT_STARTED","NOT_STARTED","NOT_STARTED","NOT_REVIEWED",""
"julius-erving","Julius Erving","2","julius-70s|julius-80s","1970s|1980s","Nets|76ers","SF|PF","2","8-12 total plus decade-specific images","portrait-sources/julius-erving","NOT_STARTED","NOT_STARTED","NOT_STARTED","NOT_REVIEWED",""
"julius-randle","Julius Randle","1","randle-20s","2020s","Knicks|Timberwolves","PF|SF","1","6-8 identity references","portrait-sources/julius-randle","NOT_STARTED","NOT_STARTED","NOT_STARTED","NOT_REVIEWED",""
"kareem-abdul-jabbar","Kareem Abdul-Jabbar","2","kareem-70s|kareem-80s","1970s|1980s","Bucks|Lakers","C","2","8-12 total plus decade-specific images","portrait-sources/kareem-abdul-jabbar","NOT_STARTED","NOT_STARTED","NOT_STARTED","NOT_REVIEWED",""
"karl-malone","Karl Malone","1","malone-90s","1990s","Jazz","PF|C","1","6-8 identity references","portrait-sources/karl-malone","NOT_STARTED","NOT_STARTED","NOT_STARTED","NOT_REVIEWED",""
"karl-anthony-towns","Karl-Anthony Towns","1","kat-20s","2020s","Timberwolves|Knicks","C|PF","1","6-8 identity references","portrait-sources/karl-anthony-towns","NOT_STARTED","NOT_STARTED","NOT_STARTED","NOT_REVIEWED",""
"kawhi-leonard","Kawhi Leonard","2","kawhi-10s|kawhi-20s","2010s|2020s","Spurs|Raptors|Clippers","SF|SG|PF","2","8-12 total plus decade-specific images","portrait-sources/kawhi-leonard","NOT_STARTED","NOT_STARTED","NOT_STARTED","NOT_REVIEWED",""
"kemba-walker","Kemba Walker","1","kemba-10s","2010s","Hornets","PG|SG","1","6-8 identity references","portrait-sources/kemba-walker","NOT_STARTED","NOT_STARTED","NOT_STARTED","NOT_REVIEWED",""
"kevin-durant","Kevin Durant","2","durant-10s|durant-20s","2010s|2020s","Thunder|Warriors|Nets|Suns","SF|PF|SG","2","8-12 total plus decade-specific images","portrait-sources/kevin-durant","NOT_STARTED","NOT_STARTED","NOT_STARTED","NOT_REVIEWED",""
"kevin-garnett","Kevin Garnett","2","kg-00s|kg-10s","2000s|2010s","Timberwolves|Celtics","PF|C","2","8-12 total plus decade-specific images","portrait-sources/kevin-garnett","NOT_STARTED","NOT_STARTED","NOT_STARTED","NOT_REVIEWED",""
"kevin-johnson","Kevin Johnson","2","kj-80s|kj-90s","1980s|1990s","Suns","PG","2","8-12 total plus decade-specific images","portrait-sources/kevin-johnson","NOT_STARTED","NOT_STARTED","NOT_STARTED","NOT_REVIEWED",""
"kevin-love","Kevin Love","1","love-10s","2010s","Timberwolves","PF|C","1","6-8 identity references","portrait-sources/kevin-love","NOT_STARTED","NOT_STARTED","NOT_STARTED","NOT_REVIEWED",""
"kevin-mchale","Kevin McHale","1","mcHale-80s","1980s","Celtics","PF|C","1","6-8 identity references","portrait-sources/kevin-mchale","NOT_STARTED","NOT_STARTED","NOT_STARTED","NOT_REVIEWED",""
"kevin-porter","Kevin Porter","1","kevin-p-70s","1970s","Pistons","PG","1","6-8 identity references","portrait-sources/kevin-porter","NOT_STARTED","NOT_STARTED","NOT_STARTED","NOT_REVIEWED",""
"khris-middleton","Khris Middleton","1","middleton-20s","2020s","Bucks","SF|SG","1","6-8 identity references","portrait-sources/khris-middleton","NOT_STARTED","NOT_STARTED","NOT_STARTED","NOT_REVIEWED",""
"klay-thompson","Klay Thompson","2","klay-10s|klay-20s","2010s|2020s","Warriors|Mavericks","SG|SF","2","8-12 total plus decade-specific images","portrait-sources/klay-thompson","NOT_STARTED","NOT_STARTED","NOT_STARTED","NOT_REVIEWED",""
"kobe-bryant","Kobe Bryant","2","kobe-00s|kobe-10s","2000s|2010s","Lakers","SG|SF","2","8-12 total plus decade-specific images","portrait-sources/kobe-bryant","NOT_STARTED","NOT_STARTED","NOT_STARTED","NOT_REVIEWED",""
"kon-knueppel","Kon Knueppel","1","knueppel-20s","2020s","Hornets","SG|SF","1","6-8 identity references","portrait-sources/kon-knueppel","NOT_STARTED","NOT_STARTED","NOT_STARTED","NOT_REVIEWED",""
"kyle-lowry","Kyle Lowry","1","lowry-2010s","2010s","Raptors","PG","1","6-8 identity references","portrait-sources/kyle-lowry","NOT_STARTED","NOT_STARTED","NOT_STARTED","NOT_REVIEWED",""
"kyrie-irving","Kyrie Irving","2","kyrie-10s|kyrie-20s","2010s|2020s","Cavaliers|Mavericks","PG|SG","2","8-12 total plus decade-specific images","portrait-sources/kyrie-irving","NOT_STARTED","NOT_STARTED","NOT_STARTED","NOT_REVIEWED",""
"lamar-odom","Lamar Odom","1","lamar-00s","2000s","Heat|Lakers","SF|PF","1","6-8 identity references","portrait-sources/lamar-odom","NOT_STARTED","NOT_STARTED","NOT_STARTED","NOT_REVIEWED",""
"lamelo-ball","LaMelo Ball","1","lamelo-20s","2020s","Hornets","PG|SG","1","6-8 identity references","portrait-sources/lamelo-ball","NOT_STARTED","NOT_STARTED","NOT_STARTED","NOT_REVIEWED",""
"larry-bird","Larry Bird","1","bird-80s","1980s","Celtics","SF|PF","1","6-8 identity references","portrait-sources/larry-bird","NOT_STARTED","NOT_STARTED","NOT_STARTED","NOT_REVIEWED",""
"larry-johnson","Larry Johnson","1","larry-j-90s","1990s","Hornets","PF|SF","1","6-8 identity references","portrait-sources/larry-johnson","NOT_STARTED","NOT_STARTED","NOT_STARTED","NOT_REVIEWED",""
"larry-kenon","Larry Kenon","1","kenon-70s","1970s","Spurs","SF|PF","1","6-8 identity references","portrait-sources/larry-kenon","NOT_STARTED","NOT_STARTED","NOT_STARTED","NOT_REVIEWED",""
"larry-nance","Larry Nance","2","nance-80s|nance-90s","1980s|1990s","Suns|Cavaliers","PF|C","2","8-12 total plus decade-specific images","portrait-sources/larry-nance","NOT_STARTED","NOT_STARTED","NOT_STARTED","NOT_REVIEWED",""
"larry-siegfried","Larry Siegfried","1","larry-s-60s","1960s","Celtics","SG|PG","1","6-8 identity references","portrait-sources/larry-siegfried","NOT_STARTED","NOT_STARTED","NOT_STARTED","NOT_REVIEWED",""
"latrell-sprewell","Latrell Sprewell","1","spree-90s","1990s","Warriors|Knicks","SG|SF","1","6-8 identity references","portrait-sources/latrell-sprewell","NOT_STARTED","NOT_STARTED","NOT_STARTED","NOT_REVIEWED",""
"lauri-markkanen","Lauri Markkanen","1","lauri-20s","2020s","Jazz","PF|SF","1","6-8 identity references","portrait-sources/lauri-markkanen","NOT_STARTED","NOT_STARTED","NOT_STARTED","NOT_REVIEWED",""
"lebron-james","LeBron James","3","lebron-00s|lebron-10s|lebron-20s","2000s|2010s|2020s","Cavaliers|Heat|Lakers","SF|PF|PG","3","8-12 total plus decade-specific images","portrait-sources/lebron-james","NOT_STARTED","NOT_STARTED","NOT_STARTED","NOT_REVIEWED",""
"lenny-wilkens","Lenny Wilkens","1","lenny-60s","1960s","Hawks","PG|SG","1","6-8 identity references","portrait-sources/lenny-wilkens","NOT_STARTED","NOT_STARTED","NOT_STARTED","NOT_REVIEWED",""
"leroy-ellis","LeRoy Ellis","1","leroy-60s","1960s","Lakers","C|PF","1","6-8 identity references","portrait-sources/leroy-ellis","NOT_STARTED","NOT_STARTED","NOT_STARTED","NOT_REVIEWED",""
"lou-hudson","Lou Hudson","1","hudson-70s","1970s","Hawks","SG|SF","1","6-8 identity references","portrait-sources/lou-hudson","NOT_STARTED","NOT_STARTED","NOT_STARTED","NOT_REVIEWED",""
"luc-longley","Luc Longley","1","luc-90s","1990s","Bulls","C","1","6-8 identity references","portrait-sources/luc-longley","NOT_STARTED","NOT_STARTED","NOT_STARTED","NOT_REVIEWED",""
"lucius-allen","Lucius Allen","1","lucius-60s","1960s","Bucks","PG|SG","1","6-8 identity references","portrait-sources/lucius-allen","NOT_STARTED","NOT_STARTED","NOT_STARTED","NOT_REVIEWED",""
"luka-doncic","Luka Doncic","2","luka-10s|luka-20s","2010s|2020s","Mavericks","PG|SF","2","8-12 total plus decade-specific images","portrait-sources/luka-doncic","NOT_STARTED","NOT_STARTED","NOT_STARTED","NOT_REVIEWED",""
"magic-johnson","Magic Johnson","1","magic-80s","1980s","Lakers","PG|SF","1","6-8 identity references","portrait-sources/magic-johnson","NOT_STARTED","NOT_STARTED","NOT_STARTED","NOT_REVIEWED",""
"manu-ginobili","Manu Ginobili","1","manu-00s","2000s","Spurs","SG|PG","1","6-8 identity references","portrait-sources/manu-ginobili","NOT_STARTED","NOT_STARTED","NOT_STARTED","NOT_REVIEWED",""
"marc-gasol","Marc Gasol","1","marc-10s","2010s","Grizzlies","C|PF","1","6-8 identity references","portrait-sources/marc-gasol","NOT_STARTED","NOT_STARTED","NOT_STARTED","NOT_REVIEWED",""
"marcus-camby","Marcus Camby","1","camby-2ks","2000s","Nuggets","C|PF","1","6-8 identity references","portrait-sources/marcus-camby","NOT_STARTED","NOT_STARTED","NOT_STARTED","NOT_REVIEWED",""
"marcus-smart","Marcus Smart","1","smart-20s","2020s","Celtics","PG|SG","1","6-8 identity references","portrait-sources/marcus-smart","NOT_STARTED","NOT_STARTED","NOT_STARTED","NOT_REVIEWED",""
"mark-aguirre","Mark Aguirre","1","mark-80s","1980s","Mavericks","SF|PF","1","6-8 identity references","portrait-sources/mark-aguirre","NOT_STARTED","NOT_STARTED","NOT_STARTED","NOT_REVIEWED",""
"mark-eaton","Mark Eaton","1","eaton-80s","1980s","Jazz","C","1","6-8 identity references","portrait-sources/mark-eaton","NOT_STARTED","NOT_STARTED","NOT_STARTED","NOT_REVIEWED",""
"mark-price","Mark Price","2","price-80s|mark-p-90s","1980s|1990s","Cavaliers","PG","2","8-12 total plus decade-specific images","portrait-sources/mark-price","NOT_STARTED","NOT_STARTED","NOT_STARTED","NOT_REVIEWED",""
"marques-johnson","Marques Johnson","1","marques-70s","1970s","Bucks","SF|PF","1","6-8 identity references","portrait-sources/marques-johnson","NOT_STARTED","NOT_STARTED","NOT_STARTED","NOT_REVIEWED",""
"maurice-cheeks","Maurice Cheeks","1","mo-80s","1980s","76ers","PG","1","6-8 identity references","portrait-sources/maurice-cheeks","NOT_STARTED","NOT_STARTED","NOT_STARTED","NOT_REVIEWED",""
"maurice-lucas","Maurice Lucas","1","lucas-m-70s","1970s","Blazers","PF|C","1","6-8 identity references","portrait-sources/maurice-lucas","NOT_STARTED","NOT_STARTED","NOT_STARTED","NOT_REVIEWED",""
"mehmet-okur","Mehmet Okur","1","okur-00s","2000s","Jazz","C|PF","1","6-8 identity references","portrait-sources/mehmet-okur","NOT_STARTED","NOT_STARTED","NOT_STARTED","NOT_REVIEWED",""
"michael-cooper","Michael Cooper","1","cooper-80s","1980s","Lakers","SG|SF","1","6-8 identity references","portrait-sources/michael-cooper","NOT_STARTED","NOT_STARTED","NOT_STARTED","NOT_REVIEWED",""
"michael-finley","Michael Finley","1","finley-00s","2000s","Mavericks|Spurs","SG|SF","1","6-8 identity references","portrait-sources/michael-finley","NOT_STARTED","NOT_STARTED","NOT_STARTED","NOT_REVIEWED",""
"michael-jordan","Michael Jordan","2","jordan-80s|jordan-90s","1980s|1990s","Bulls","SG|SF","2","8-12 total plus decade-specific images","portrait-sources/michael-jordan","NOT_STARTED","NOT_STARTED","NOT_STARTED","NOT_REVIEWED",""
"michael-redd","Michael Redd","1","redd-00s","2000s","Bucks","SG","1","6-8 identity references","portrait-sources/michael-redd","NOT_STARTED","NOT_STARTED","NOT_STARTED","NOT_REVIEWED",""
"micheal-ray-richardson","Micheal Ray Richardson","1","sugar-80s","1980s","Knicks|Nets","PG|SG","1","6-8 identity references","portrait-sources/micheal-ray-richardson","NOT_STARTED","NOT_STARTED","NOT_STARTED","NOT_REVIEWED",""
"mikal-bridges","Mikal Bridges","1","mikal-20s","2020s","Suns|Nets|Knicks","SF|SG","1","6-8 identity references","portrait-sources/mikal-bridges","NOT_STARTED","NOT_STARTED","NOT_STARTED","NOT_REVIEWED",""
"mike-bibby","Mike Bibby","1","bibby-00s","2000s","Kings","PG","1","6-8 identity references","portrait-sources/mike-bibby","NOT_STARTED","NOT_STARTED","NOT_STARTED","NOT_REVIEWED",""
"mike-conley","Mike Conley","1","conley-10s","2010s","Grizzlies","PG","1","6-8 identity references","portrait-sources/mike-conley","NOT_STARTED","NOT_STARTED","NOT_STARTED","NOT_REVIEWED",""
"mike-newlin","Mike Newlin","1","mike-n-70s","1970s","Rockets","SG|PG","1","6-8 identity references","portrait-sources/mike-newlin","NOT_STARTED","NOT_STARTED","NOT_STARTED","NOT_REVIEWED",""
"mitch-richmond","Mitch Richmond","1","mitch-90s","1990s","Kings","SG","1","6-8 identity references","portrait-sources/mitch-richmond","NOT_STARTED","NOT_STARTED","NOT_STARTED","NOT_REVIEWED",""
"mitchell-robinson","Mitchell Robinson","1","mitch-r-20s","2020s","Knicks","C","1","6-8 identity references","portrait-sources/mitchell-robinson","NOT_STARTED","NOT_STARTED","NOT_STARTED","NOT_REVIEWED",""
"mookie-blaylock","Mookie Blaylock","1","mookie-90s","1990s","Hawks","PG","1","6-8 identity references","portrait-sources/mookie-blaylock","NOT_STARTED","NOT_STARTED","NOT_STARTED","NOT_REVIEWED",""
"moses-malone","Moses Malone","1","moses-80s","1980s","76ers|Rockets","C|PF","1","6-8 identity references","portrait-sources/moses-malone","NOT_STARTED","NOT_STARTED","NOT_STARTED","NOT_REVIEWED",""
"mychal-thompson","Mychal Thompson","1","mychal-80s","1980s","Blazers|Lakers","C|PF","1","6-8 identity references","portrait-sources/mychal-thompson","NOT_STARTED","NOT_STARTED","NOT_STARTED","NOT_REVIEWED",""
"myles-turner","Myles Turner","1","turner-20s","2020s","Pacers|Bucks","C|PF","1","6-8 identity references","portrait-sources/myles-turner","NOT_STARTED","NOT_STARTED","NOT_STARTED","NOT_REVIEWED",""
"nate-archibald","Nate ""Tiny"" Archibald","2","tiny-70s|tiny-80s","1970s|1980s","Kings|Celtics","PG","2","8-12 total plus decade-specific images","portrait-sources/nate-archibald","NOT_STARTED","NOT_STARTED","NOT_STARTED","NOT_REVIEWED",""
"nate-thurmond","Nate Thurmond","1","nate-60s","1960s","Warriors","C|PF","1","6-8 identity references","portrait-sources/nate-thurmond","NOT_STARTED","NOT_STARTED","NOT_STARTED","NOT_REVIEWED",""
"nick-van-exel","Nick Van Exel","1","van-ex-90s","1990s","Lakers","PG|SG","1","6-8 identity references","portrait-sources/nick-van-exel","NOT_STARTED","NOT_STARTED","NOT_STARTED","NOT_REVIEWED",""
"nikola-jokic","Nikola Jokic","2","jokic-10s|jokic-20s","2010s|2020s","Nuggets","C|PF","2","8-12 total plus decade-specific images","portrait-sources/nikola-jokic","NOT_STARTED","NOT_STARTED","NOT_STARTED","NOT_REVIEWED",""
"norm-van-lier","Norm Van Lier","1","norm-70s","1970s","Bulls","PG|SG","1","6-8 identity references","portrait-sources/norm-van-lier","NOT_STARTED","NOT_STARTED","NOT_STARTED","NOT_REVIEWED",""
"og-anunoby","OG Anunoby","1","og-20s","2020s","Raptors|Knicks","SF|SG|PF","1","6-8 identity references","portrait-sources/og-anunoby","NOT_STARTED","NOT_STARTED","NOT_STARTED","NOT_REVIEWED",""
"oscar-robertson","Oscar Robertson","2","oscar-60s|oscar-70s","1960s|1970s","Royals|Bucks","PG|SG","2","8-12 total plus decade-specific images","portrait-sources/oscar-robertson","NOT_STARTED","NOT_STARTED","NOT_STARTED","NOT_REVIEWED",""
"otis-thorpe","Otis Thorpe","1","otis-90s","1990s","Rockets","PF|C","1","6-8 identity references","portrait-sources/otis-thorpe","NOT_STARTED","NOT_STARTED","NOT_STARTED","NOT_REVIEWED",""
"paolo-banchero","Paolo Banchero","1","paolo-20s","2020s","Magic","PF|SF|C","1","6-8 identity references","portrait-sources/paolo-banchero","NOT_STARTED","NOT_STARTED","NOT_STARTED","NOT_REVIEWED",""
"pascal-siakam","Pascal Siakam","1","siakam-20s","2020s","Raptors|Pacers","PF|SF","1","6-8 identity references","portrait-sources/pascal-siakam","NOT_STARTED","NOT_STARTED","NOT_STARTED","NOT_REVIEWED",""
"patrick-ewing","Patrick Ewing","1","ewing-90s","1990s","Knicks","C","1","6-8 identity references","portrait-sources/patrick-ewing","NOT_STARTED","NOT_STARTED","NOT_STARTED","NOT_REVIEWED",""
"pau-gasol","Pau Gasol","1","melo-f-00s","2000s","Grizzlies|Lakers","PF|C","1","6-8 identity references","portrait-sources/pau-gasol","NOT_STARTED","NOT_STARTED","NOT_STARTED","NOT_REVIEWED",""
"paul-arizin","Paul Arizin","2","arizin-50s|arizin-60s","1950s|1960s","Warriors","SF|SG","2","8-12 total plus decade-specific images","portrait-sources/paul-arizin","NOT_STARTED","NOT_STARTED","NOT_STARTED","NOT_REVIEWED",""
"paul-george","Paul George","2","pg-10s|pg-20s","2010s|2020s","Pacers|Thunder|Clippers|76ers","SF|SG|PF","2","8-12 total plus decade-specific images","portrait-sources/paul-george","NOT_STARTED","NOT_STARTED","NOT_STARTED","NOT_REVIEWED",""
"paul-pierce","Paul Pierce","1","pierce-00s","2000s","Celtics","SF|SG","1","6-8 identity references","portrait-sources/paul-pierce","NOT_STARTED","NOT_STARTED","NOT_STARTED","NOT_REVIEWED",""
"paul-silas","Paul Silas","2","paul-s-60s|paul-s-70s","1960s|1970s","Hawks|Suns|Celtics","PF|C|SF","2","8-12 total plus decade-specific images","portrait-sources/paul-silas","NOT_STARTED","NOT_STARTED","NOT_STARTED","NOT_REVIEWED",""
"paul-westphal","Paul Westphal","1","westphal-70s","1970s","Suns","SG|PG","1","6-8 identity references","portrait-sources/paul-westphal","NOT_STARTED","NOT_STARTED","NOT_STARTED","NOT_REVIEWED",""
"peja-stojakovic","Peja Stojakovic","1","peja-00s","2000s","Kings","SF|SG","1","6-8 identity references","portrait-sources/peja-stojakovic","NOT_STARTED","NOT_STARTED","NOT_STARTED","NOT_REVIEWED",""
"penny-hardaway","Penny Hardaway","1","penny-90s","1990s","Magic","PG|SG","1","6-8 identity references","portrait-sources/penny-hardaway","NOT_STARTED","NOT_STARTED","NOT_STARTED","NOT_REVIEWED",""
"pete-maravich","Pete Maravich","1","pete-70s","1970s","Jazz","PG|SG","1","6-8 identity references","portrait-sources/pete-maravich","NOT_STARTED","NOT_STARTED","NOT_STARTED","NOT_REVIEWED",""
"phil-chenier","Phil Chenier","1","phil-c-70s","1970s","Bullets","SG|PG","1","6-8 identity references","portrait-sources/phil-chenier","NOT_STARTED","NOT_STARTED","NOT_STARTED","NOT_REVIEWED",""
"popeye-jones","Popeye Jones","1","popeye-90s","1990s","Mavericks","PF|C","1","6-8 identity references","portrait-sources/popeye-jones","NOT_STARTED","NOT_STARTED","NOT_STARTED","NOT_REVIEWED",""
"rajon-rondo","Rajon Rondo","1","rondo-10s","2010s","Celtics","PG","1","6-8 identity references","portrait-sources/rajon-rondo","NOT_STARTED","NOT_STARTED","NOT_STARTED","NOT_REVIEWED",""
"randy-smith","Randy Smith","1","randy-70s","1970s","Braves","SG|PG","1","6-8 identity references","portrait-sources/randy-smith","NOT_STARTED","NOT_STARTED","NOT_STARTED","NOT_REVIEWED",""
"rashard-lewis","Rashard Lewis","1","rashard-00s","2000s","Sonics","SF|PF","1","6-8 identity references","portrait-sources/rashard-lewis","NOT_STARTED","NOT_STARTED","NOT_STARTED","NOT_REVIEWED",""
"rasheed-wallace","Rasheed Wallace","1","sheed-2ks","2000s","Blazers|Pistons","PF|C","1","6-8 identity references","portrait-sources/rasheed-wallace","NOT_STARTED","NOT_STARTED","NOT_STARTED","NOT_REVIEWED",""
"ray-allen","Ray Allen","1","ray-00s","2000s","Sonics","SG","1","6-8 identity references","portrait-sources/ray-allen","NOT_STARTED","NOT_STARTED","NOT_STARTED","NOT_REVIEWED",""
"reggie-miller","Reggie Miller","1","reggie-90s","1990s","Pacers","SG","1","6-8 identity references","portrait-sources/reggie-miller","NOT_STARTED","NOT_STARTED","NOT_STARTED","NOT_REVIEWED",""
"richard-hamilton","Richard Hamilton","1","rip-00s","2000s","Pistons","SG|SF","1","6-8 identity references","portrait-sources/richard-hamilton","NOT_STARTED","NOT_STARTED","NOT_STARTED","NOT_REVIEWED",""
"richie-guerin","Richie Guerin","1","guerin-60s","1960s","Knicks","PG|SG","1","6-8 identity references","portrait-sources/richie-guerin","NOT_STARTED","NOT_STARTED","NOT_STARTED","NOT_REVIEWED",""
"rick-barry","Rick Barry","2","rick-70s|barry-60s","1970s|1960s","Warriors","SF|SG","2","8-12 total plus decade-specific images","portrait-sources/rick-barry","NOT_STARTED","NOT_STARTED","NOT_STARTED","NOT_REVIEWED",""
"ricky-pierce","Ricky Pierce","1","ricky-80s","1980s","Bucks","SG","1","6-8 identity references","portrait-sources/ricky-pierce","NOT_STARTED","NOT_STARTED","NOT_STARTED","NOT_REVIEWED",""
"robert-parish","Robert Parish","1","parish-80s","1980s","Celtics","C","1","6-8 identity references","portrait-sources/robert-parish","NOT_STARTED","NOT_STARTED","NOT_STARTED","NOT_REVIEWED",""
"rod-strickland","Rod Strickland","1","rod-90s","1990s","Blazers|Bullets","PG","1","6-8 identity references","portrait-sources/rod-strickland","NOT_STARTED","NOT_STARTED","NOT_STARTED","NOT_REVIEWED",""
"rolando-blackman","Rolando Blackman","1","blackman-80s","1980s","Mavericks","SG","1","6-8 identity references","portrait-sources/rolando-blackman","NOT_STARTED","NOT_STARTED","NOT_STARTED","NOT_REVIEWED",""
"ron-artest","Ron Artest","1","artest-2ks","2000s","Pacers|Kings","SF|SG","1","6-8 identity references","portrait-sources/ron-artest","NOT_STARTED","NOT_STARTED","NOT_STARTED","NOT_REVIEWED",""
"rudy-gobert","Rudy Gobert","2","gobert-10s|gobert-20s","2010s|2020s","Jazz|Timberwolves","C","2","8-12 total plus decade-specific images","portrait-sources/rudy-gobert","NOT_STARTED","NOT_STARTED","NOT_STARTED","NOT_REVIEWED",""
"rudy-tomjanovich","Rudy Tomjanovich","1","rudy-t-70s","1970s","Rockets","SF|PF","1","6-8 identity references","portrait-sources/rudy-tomjanovich","NOT_STARTED","NOT_STARTED","NOT_STARTED","NOT_REVIEWED",""
"russell-westbrook","Russell Westbrook","1","russ-10s","2010s","Thunder","PG|SG","1","6-8 identity references","portrait-sources/russell-westbrook","NOT_STARTED","NOT_STARTED","NOT_STARTED","NOT_REVIEWED",""
"sam-cassell","Sam Cassell","1","cassell-2ks","2000s","Wolves","PG|SG","1","6-8 identity references","portrait-sources/sam-cassell","NOT_STARTED","NOT_STARTED","NOT_STARTED","NOT_REVIEWED",""
"sam-jones","Sam Jones","1","sam-60s","1960s","Celtics","SG|PG","1","6-8 identity references","portrait-sources/sam-jones","NOT_STARTED","NOT_STARTED","NOT_STARTED","NOT_REVIEWED",""
"scottie-barnes","Scottie Barnes","1","barnes-20s","2020s","Raptors","SF|PF","1","6-8 identity references","portrait-sources/scottie-barnes","NOT_STARTED","NOT_STARTED","NOT_STARTED","NOT_REVIEWED",""
"scottie-pippen","Scottie Pippen","1","pippen-90s","1990s","Bulls","SF|SG|PF","1","6-8 identity references","portrait-sources/scottie-pippen","NOT_STARTED","NOT_STARTED","NOT_STARTED","NOT_REVIEWED",""
"serge-ibaka","Serge Ibaka","1","ibaka-2010s","2010s","Thunder","PF|C","1","6-8 identity references","portrait-sources/serge-ibaka","NOT_STARTED","NOT_STARTED","NOT_STARTED","NOT_REVIEWED",""
"shai-gilgeous-alexander","Shai Gilgeous-Alexander","1","shai-20s","2020s","Thunder","PG|SG","1","6-8 identity references","portrait-sources/shai-gilgeous-alexander","NOT_STARTED","NOT_STARTED","NOT_STARTED","NOT_REVIEWED",""
"shaquille-o-neal","Shaquille O'Neal","2","shaq-90s|shaq-00s","1990s|2000s","Magic|Lakers|Heat","C","2","8-12 total plus decade-specific images","portrait-sources/shaquille-o-neal","NOT_STARTED","NOT_STARTED","NOT_STARTED","NOT_REVIEWED",""
"shawn-kemp","Shawn Kemp","1","kemp-90s","1990s","Sonics","PF|C","1","6-8 identity references","portrait-sources/shawn-kemp","NOT_STARTED","NOT_STARTED","NOT_STARTED","NOT_REVIEWED",""
"shawn-marion","Shawn Marion","2","marion-90s|marion-00s","1990s|2000s","Suns","SF|PF","2","8-12 total plus decade-specific images","portrait-sources/shawn-marion","NOT_STARTED","NOT_STARTED","NOT_STARTED","NOT_REVIEWED",""
"sidney-moncrief","Sidney Moncrief","1","moncrief-80s","1980s","Bucks","SG|PG","1","6-8 identity references","portrait-sources/sidney-moncrief","NOT_STARTED","NOT_STARTED","NOT_STARTED","NOT_REVIEWED",""
"sidney-wicks","Sidney Wicks","1","wicks-70s","1970s","Blazers","PF|C","1","6-8 identity references","portrait-sources/sidney-wicks","NOT_STARTED","NOT_STARTED","NOT_STARTED","NOT_REVIEWED",""
"sleepy-floyd","Sleepy Floyd","1","sleepy-80s","1980s","Warriors","PG|SG","1","6-8 identity references","portrait-sources/sleepy-floyd","NOT_STARTED","NOT_STARTED","NOT_STARTED","NOT_REVIEWED",""
"spencer-haywood","Spencer Haywood","1","spencer-70s","1970s","Sonics","PF|C","1","6-8 identity references","portrait-sources/spencer-haywood","NOT_STARTED","NOT_STARTED","NOT_STARTED","NOT_REVIEWED",""
"stephen-curry","Stephen Curry","2","curry-10s|curry-20s","2010s|2020s","Warriors","PG|SG","2","8-12 total plus decade-specific images","portrait-sources/stephen-curry","NOT_STARTED","NOT_STARTED","NOT_STARTED","NOT_REVIEWED",""
"stephon-marbury","Stephon Marbury","1","marbury-00s","2000s","Nets|Knicks","PG","1","6-8 identity references","portrait-sources/stephon-marbury","NOT_STARTED","NOT_STARTED","NOT_STARTED","NOT_REVIEWED",""
"steve-nash","Steve Nash","1","nash-00s","2000s","Suns|Mavericks","PG","1","6-8 identity references","portrait-sources/steve-nash","NOT_STARTED","NOT_STARTED","NOT_STARTED","NOT_REVIEWED",""
"swen-nater","Swen Nater","1","swen-70s","1970s","Braves","C|PF","1","6-8 identity references","portrait-sources/swen-nater","NOT_STARTED","NOT_STARTED","NOT_STARTED","NOT_REVIEWED",""
"tayshaun-prince","Tayshaun Prince","1","prince-00s","2000s","Pistons","SF|PF","1","6-8 identity references","portrait-sources/tayshaun-prince","NOT_STARTED","NOT_STARTED","NOT_STARTED","NOT_REVIEWED",""
"terry-cummings","Terry Cummings","1","terry-80s","1980s","Bucks","PF|SF","1","6-8 identity references","portrait-sources/terry-cummings","NOT_STARTED","NOT_STARTED","NOT_STARTED","NOT_REVIEWED",""
"terry-porter","Terry Porter","1","porter-80s","1980s","Blazers","PG|SG","1","6-8 identity references","portrait-sources/terry-porter","NOT_STARTED","NOT_STARTED","NOT_STARTED","NOT_REVIEWED",""
"tim-duncan","Tim Duncan","1","duncan-00s","2000s","Spurs","PF|C","1","6-8 identity references","portrait-sources/tim-duncan","NOT_STARTED","NOT_STARTED","NOT_STARTED","NOT_REVIEWED",""
"tim-hardaway","Tim Hardaway","1","timH-90s","1990s","Warriors|Heat","PG","1","6-8 identity references","portrait-sources/tim-hardaway","NOT_STARTED","NOT_STARTED","NOT_STARTED","NOT_REVIEWED",""
"tom-burleson","Tom Burleson","1","tom-b-70s","1970s","Sonics","C","1","6-8 identity references","portrait-sources/tom-burleson","NOT_STARTED","NOT_STARTED","NOT_STARTED","NOT_REVIEWED",""
"tom-chambers","Tom Chambers","1","chambers-80s","1980s","Suns","PF|SF","1","6-8 identity references","portrait-sources/tom-chambers","NOT_STARTED","NOT_STARTED","NOT_STARTED","NOT_REVIEWED",""
"tom-heinsohn","Tom Heinsohn","1","tom-h-60s","1960s","Celtics","SF|PF","1","6-8 identity references","portrait-sources/tom-heinsohn","NOT_STARTED","NOT_STARTED","NOT_STARTED","NOT_REVIEWED",""
"tom-sanders","Tom Sanders","1","tom-s-60s","1960s","Celtics","PF|SF","1","6-8 identity references","portrait-sources/tom-sanders","NOT_STARTED","NOT_STARTED","NOT_STARTED","NOT_REVIEWED",""
"toni-kukoc","Toni Kukoc","1","kukoc-90s","1990s","Bulls","SF|PF","1","6-8 identity references","portrait-sources/toni-kukoc","NOT_STARTED","NOT_STARTED","NOT_STARTED","NOT_REVIEWED",""
"tony-parker","Tony Parker","1","parker-00s","2000s","Spurs","PG","1","6-8 identity references","portrait-sources/tony-parker","NOT_STARTED","NOT_STARTED","NOT_STARTED","NOT_REVIEWED",""
"tracy-mcgrady","Tracy McGrady","1","tmac-00s","2000s","Magic|Rockets","SG|SF","1","6-8 identity references","portrait-sources/tracy-mcgrady","NOT_STARTED","NOT_STARTED","NOT_STARTED","NOT_REVIEWED",""
"trae-young","Trae Young","1","trae-20s","2020s","Hawks","PG","1","6-8 identity references","portrait-sources/trae-young","NOT_STARTED","NOT_STARTED","NOT_STARTED","NOT_REVIEWED",""
"tre-johnson","Tre Johnson","1","trejohnson-20s","2020s","Wizards","SG|SF","1","6-8 identity references","portrait-sources/tre-johnson","NOT_STARTED","NOT_STARTED","NOT_STARTED","NOT_REVIEWED",""
"tree-rollins","Tree Rollins","1","tree-80s","1980s","Hawks","C","1","6-8 identity references","portrait-sources/tree-rollins","NOT_STARTED","NOT_STARTED","NOT_STARTED","NOT_REVIEWED",""
"tyler-herro","Tyler Herro","1","herro-20s","2020s","Heat","SG|PG","1","6-8 identity references","portrait-sources/tyler-herro","NOT_STARTED","NOT_STARTED","NOT_STARTED","NOT_REVIEWED",""
"tyrese-haliburton","Tyrese Haliburton","1","tyrese-20s","2020s","Pacers","PG|SG","1","6-8 identity references","portrait-sources/tyrese-haliburton","NOT_STARTED","NOT_STARTED","NOT_STARTED","NOT_REVIEWED",""
"tyrese-maxey","Tyrese Maxey","1","maxey-20s","2020s","76ers","PG|SG","1","6-8 identity references","portrait-sources/tyrese-maxey","NOT_STARTED","NOT_STARTED","NOT_STARTED","NOT_REVIEWED",""
"v-j-edgecombe","V.J. Edgecombe","1","edgecombe-20s","2020s","76ers","SG|PG","1","6-8 identity references","portrait-sources/v-j-edgecombe","NOT_STARTED","NOT_STARTED","NOT_STARTED","NOT_REVIEWED",""
"victor-wembanyama","Victor Wembanyama","1","wemby-20s","2020s","Spurs","C|PF","1","6-8 identity references","portrait-sources/victor-wembanyama","NOT_STARTED","NOT_STARTED","NOT_STARTED","NOT_REVIEWED",""
"vin-baker","Vin Baker","1","vin-b-90s","1990s","Bucks|Sonics","PF|C|SF","1","6-8 identity references","portrait-sources/vin-baker","NOT_STARTED","NOT_STARTED","NOT_STARTED","NOT_REVIEWED",""
"vince-carter","Vince Carter","1","vince-00s","2000s","Raptors","SG|SF","1","6-8 identity references","portrait-sources/vince-carter","NOT_STARTED","NOT_STARTED","NOT_STARTED","NOT_REVIEWED",""
"vinnie-johnson","Vinnie Johnson","1","vinnie-80s","1980s","Pistons","SG|PG","1","6-8 identity references","portrait-sources/vinnie-johnson","NOT_STARTED","NOT_STARTED","NOT_STARTED","NOT_REVIEWED",""
"vlade-divac","Vlade Divac","1","vlade-90s","1990s","Lakers|Kings","C","1","6-8 identity references","portrait-sources/vlade-divac","NOT_STARTED","NOT_STARTED","NOT_STARTED","NOT_REVIEWED",""
"walker-kessler","Walker Kessler","1","walker-k-20s","2020s","Jazz","C","1","6-8 identity references","portrait-sources/walker-kessler","NOT_STARTED","NOT_STARTED","NOT_STARTED","NOT_REVIEWED",""
"walt-bellamy","Walt Bellamy","2","walt-b-60s|walt-b-70s","1960s|1970s","Bullets|Hawks","C|PF","2","8-12 total plus decade-specific images","portrait-sources/walt-bellamy","NOT_STARTED","NOT_STARTED","NOT_STARTED","NOT_REVIEWED",""
"walt-frazier","Walt Frazier","1","walt-70s","1970s","Knicks","PG|SG","1","6-8 identity references","portrait-sources/walt-frazier","NOT_STARTED","NOT_STARTED","NOT_STARTED","NOT_REVIEWED",""
"walter-clayton-jr","Walter Clayton Jr.","1","clayton-20s","2020s","Jazz|Grizzlies","PG|SG","1","6-8 identity references","portrait-sources/walter-clayton-jr","NOT_STARTED","NOT_STARTED","NOT_STARTED","NOT_REVIEWED",""
"walter-davis","Walter Davis","1","wdavis-80s","1980s","Suns","SG|SF","1","6-8 identity references","portrait-sources/walter-davis","NOT_STARTED","NOT_STARTED","NOT_STARTED","NOT_REVIEWED",""
"wayne-embry","Wayne Embry","1","wayne-60s","1960s","Royals","C","1","6-8 identity references","portrait-sources/wayne-embry","NOT_STARTED","NOT_STARTED","NOT_STARTED","NOT_REVIEWED",""
"wes-unseld","Wes Unseld","1","wes-60s","1960s","Bullets","C|PF","1","6-8 identity references","portrait-sources/wes-unseld","NOT_STARTED","NOT_STARTED","NOT_STARTED","NOT_REVIEWED",""
"willis-reed","Willis Reed","1","willis-60s","1960s","Knicks","C|PF","1","6-8 identity references","portrait-sources/willis-reed","NOT_STARTED","NOT_STARTED","NOT_STARTED","NOT_REVIEWED",""
"wilt-chamberlain","Wilt Chamberlain","2","wilt-60s|wilt-70s","1960s|1970s","Warriors|76ers|Lakers","C","2","8-12 total plus decade-specific images","portrait-sources/wilt-chamberlain","NOT_STARTED","NOT_STARTED","NOT_STARTED","NOT_REVIEWED",""
"xavier-mcdaniel","Xavier McDaniel","1","xavier-80s","1980s","Sonics","PF|SF","1","6-8 identity references","portrait-sources/xavier-mcdaniel","NOT_STARTED","NOT_STARTED","NOT_STARTED","NOT_REVIEWED",""
"yao-ming","Yao Ming","1","yao-00s","2000s","Rockets","C","1","6-8 identity references","portrait-sources/yao-ming","NOT_STARTED","NOT_STARTED","NOT_STARTED","NOT_REVIEWED",""
"zach-lavine","Zach LaVine","2","lavine-10s|lavine-20s","2010s|2020s","Bulls|Kings","SG|SF","2","8-12 total plus decade-specific images","portrait-sources/zach-lavine","NOT_STARTED","NOT_STARTED","NOT_STARTED","NOT_REVIEWED",""
"zach-randolph","Zach Randolph","1","zach-00s","2000s","Blazers","PF|C","1","6-8 identity references","portrait-sources/zach-randolph","NOT_STARTED","NOT_STARTED","NOT_STARTED","NOT_REVIEWED",""
"zelmo-beaty","Zelmo Beaty","1","beaty-60s","1960s","Hawks","C|PF","1","6-8 identity references","portrait-sources/zelmo-beaty","NOT_STARTED","NOT_STARTED","NOT_STARTED","NOT_REVIEWED",""
"zion-williamson","Zion Williamson","1","zion-20s","2020s","Pelicans","PF|SF","1","6-8 identity references","portrait-sources/zion-williamson","NOT_STARTED","NOT_STARTED","NOT_STARTED","NOT_REVIEWED",""
"zydrunas-ilgauskas","Zydrunas Ilgauskas","1","ilg-00s","2000s","Cavaliers","C","1","6-8 identity references","portrait-sources/zydrunas-ilgauskas","NOT_STARTED","NOT_STARTED","NOT_STARTED","NOT_REVIEWED",""
